{"cameraMode":{"drawMode":0,"name":"Shaded","section":"Shading Mode"},"sceneLighting":true,"audioPlay":false,"sceneViewState":{"showFog":true,"showMaterialUpdate":false,"showSkybox":true,"showFlares":true,"showImageEffects":true,"showParticleSystems":true},"in2DMode":false,"pivot":{"x":-6.885639667510986,"y":-3.0310556888580324,"z":-11.482210159301758},"rotation":{"x":0.1315334141254425,"y":-0.7747633457183838,"z":0.171458438038826,"w":0.5942387580871582},"size":7.239990234375,"orthographic":false}