{"cameraMode":{"drawMode":0,"name":"Shaded","section":"Shading Mode"},"sceneLighting":false,"audioPlay":false,"sceneViewState":{"showFog":true,"showMaterialUpdate":false,"showSkybox":true,"showFlares":true,"showImageEffects":true,"showParticleSystems":true},"in2DMode":false,"pivot":{"x":-0.5935695171356201,"y":-0.08669126033782959,"z":-2.3716964721679689},"rotation":{"x":0.0022718855179846288,"y":0.9862781763076782,"z":-0.16454291343688966,"w":0.013613337650895119},"size":2.171875238418579,"orthographic":false}